code,name,Strategy_Type,Close,TurnoverRate,RSI6,KDJ_J,Breakout_Pattern,Limit_Up_Today,Final_Score,Strategy_Rank
002698,博实股份,A_Strong_Pullback (中风险接力),17.05,4.96,64.45795568504374,24.33490515583668,False,False,1.8439489640298756,1
002403,爱仕达,B_Low_Position_Start (低风险埋伏),12.9,4.08,68.8111421937918,58.65900383141768,False,False,280.74946015067053,2
002361,神剑股份,E_Leader_Restart (二次启动),13.04,45.0,72.79557847472148,85.70623855794958,False,False,5568.861753316193,3
002201,九鼎新材,E_Leader_Restart (二次启动),11.94,34.11,73.16493214671301,70.81257155262279,False,False,4242.614920391447,3
002363,隆基机械,E_Leader_Restart (二次启动),10.8,26.82,67.76243936258342,73.97552725138937,False,False,3089.5606602976286,3
002202,金风科技,E_Leader_Restart (二次启动),20.2,20.37,67.65279159590607,70.97700244282109,False,False,2342.7485201746313,3
600736,苏州高新,E_Leader_Restart (二次启动),6.75,14.25,66.02145879740944,91.46464646464656,False,False,1599.3698393672435,3
000987,越秀资本,E_Leader_Restart (二次启动),8.12,3.42,70.31306740858432,81.12773998488268,False,False,408.8001739135092,3
